day,user_count
2022-11-17 00:00:00,5
2022-11-18 00:00:00,10
2022-11-22 00:00:00,11
2022-11-23 00:00:00,16
2022-11-24 00:00:00,17
2022-11-25 00:00:00,18
2022-11-26 00:00:00,20
2022-11-28 00:00:00,21
2022-11-29 00:00:00,23
2022-11-30 00:00:00,32
2022-12-01 00:00:00,34
2022-12-06 00:00:00,35
2022-12-07 00:00:00,43
2022-12-11 00:00:00,44
2022-12-14 00:00:00,47
2022-12-15 00:00:00,51
2022-12-16 00:00:00,54
2022-12-17 00:00:00,55
2022-12-18 00:00:00,60
2022-12-19 00:00:00,61
2022-12-26 00:00:00,62
2022-12-28 00:00:00,63
2023-01-02 00:00:00,64
2023-01-04 00:00:00,71
2023-01-05 00:00:00,74
2023-01-08 00:00:00,75
2023-01-15 00:00:00,76
2023-01-16 00:00:00,79
2023-01-17 00:00:00,83
2023-01-18 00:00:00,90
2023-01-19 00:00:00,102
2023-01-20 00:00:00,110
2023-01-21 00:00:00,124
2023-01-22 00:00:00,129
2023-01-23 00:00:00,138
2023-01-24 00:00:00,150
2023-01-25 00:00:00,162
2023-01-26 00:00:00,171
2023-01-27 00:00:00,176
2023-01-28 00:00:00,186
2023-01-29 00:00:00,195
2023-01-30 00:00:00,196
2023-01-31 00:00:00,200
2023-02-01 00:00:00,204
2023-02-02 00:00:00,208
2023-02-03 00:00:00,228
2023-02-04 00:00:00,251
2023-02-05 00:00:00,259
2023-02-06 00:00:00,262
2023-02-07 00:00:00,271
2023-02-08 00:00:00,272
2023-02-09 00:00:00,274
2023-02-10 00:00:00,275
2023-02-11 00:00:00,277
2023-02-12 00:00:00,279
2023-02-13 00:00:00,282
2023-02-15 00:00:00,289
2023-02-16 00:00:00,311
2023-02-17 00:00:00,320
2023-02-18 00:00:00,333
2023-02-19 00:00:00,339
2023-02-20 00:00:00,342
2023-02-21 00:00:00,346
2023-02-22 00:00:00,356
2023-02-23 00:00:00,399
2023-02-24 00:00:00,432
2023-02-25 00:00:00,480
2023-02-26 00:00:00,489
2023-02-27 00:00:00,589
2023-02-28 00:00:00,657
2023-03-01 00:00:00,1037
2023-03-02 00:00:00,1387
2023-03-03 00:00:00,1814
2023-03-04 00:00:00,2175
2023-03-05 00:00:00,2326
2023-03-06 00:00:00,2590
2023-03-07 00:00:00,3012
2023-03-08 00:00:00,3321
2023-03-09 00:00:00,3530
2023-03-10 00:00:00,3650
2023-03-11 00:00:00,3738
2023-03-12 00:00:00,3817
2023-03-13 00:00:00,3958
2023-03-14 00:00:00,4040
2023-03-15 00:00:00,4175
2023-03-16 00:00:00,4276
2023-03-17 00:00:00,4360
2023-03-18 00:00:00,4480
2023-03-19 00:00:00,4542
2023-03-20 00:00:00,4582
2023-03-21 00:00:00,4677
2023-03-22 00:00:00,4769
2023-03-23 00:00:00,4808
2023-03-24 00:00:00,4835
2023-03-25 00:00:00,4962
2023-03-26 00:00:00,5118
2023-03-27 00:00:00,5271
2023-03-28 00:00:00,5378
2023-03-29 00:00:00,5439
2023-03-30 00:00:00,5496
2023-03-31 00:00:00,5529
2023-04-01 00:00:00,5557
2023-04-02 00:00:00,5578
2023-04-03 00:00:00,5591
2023-04-04 00:00:00,5605
2023-04-05 00:00:00,5689
2023-04-06 00:00:00,8638
2023-04-07 00:00:00,9721
2023-04-08 00:00:00,10692
2023-04-09 00:00:00,11362
2023-04-10 00:00:00,12631
2023-04-11 00:00:00,16742
2023-04-12 00:00:00,18918
2023-04-13 00:00:00,20113
2023-04-14 00:00:00,20879
2023-04-15 00:00:00,22430
2023-04-16 00:00:00,22915
2023-04-17 00:00:00,23467
2023-04-18 00:00:00,24767
2023-04-19 00:00:00,27032
2023-04-20 00:00:00,29214
2023-04-21 00:00:00,31143
2023-04-22 00:00:00,32424
2023-04-23 00:00:00,33812
2023-04-24 00:00:00,36111
2023-04-25 00:00:00,38685
2023-04-26 00:00:00,41019
2023-04-27 00:00:00,44898
2023-04-28 00:00:00,47857
2023-04-29 00:00:00,49482
2023-04-30 00:00:00,50889
2023-05-01 00:00:00,53005
2023-05-02 00:00:00,55407
2023-05-03 00:00:00,57866
2023-05-04 00:00:00,60682
2023-05-05 00:00:00,62957
2023-05-06 00:00:00,64488
2023-05-07 00:00:00,65603
2023-05-08 00:00:00,66991
2023-05-09 00:00:00,68692
2023-05-10 00:00:00,70405
2023-05-11 00:00:00,72024
2023-05-12 00:00:00,74092
2023-05-13 00:00:00,75707
2023-05-14 00:00:00,76753
2023-05-15 00:00:00,78369
2023-05-16 00:00:00,79726
2023-05-17 00:00:00,81022
2023-05-18 00:00:00,82391
2023-05-19 00:00:00,83675
2023-05-20 00:00:00,84743
2023-05-21 00:00:00,85637
2023-05-22 00:00:00,86684
2023-05-23 00:00:00,87947
2023-05-24 00:00:00,89557
2023-05-25 00:00:00,91497
2023-05-26 00:00:00,93535
2023-05-27 00:00:00,95253
2023-05-28 00:00:00,96773
2023-05-29 00:00:00,98251
2023-05-30 00:00:00,99987
2023-05-31 00:00:00,101338
2023-06-01 00:00:00,102654
2023-06-02 00:00:00,104158
2023-06-03 00:00:00,105294
2023-06-04 00:00:00,106333
2023-06-05 00:00:00,107579
2023-06-06 00:00:00,108848
2023-06-07 00:00:00,110673
2023-06-08 00:00:00,112332
2023-06-09 00:00:00,114476
2023-06-10 00:00:00,116586
2023-06-11 00:00:00,118734
2023-06-12 00:00:00,121434
2023-06-13 00:00:00,123227
2023-06-14 00:00:00,126806
2023-06-15 00:00:00,129687
2023-06-16 00:00:00,132298
2023-06-17 00:00:00,134480
2023-06-18 00:00:00,135731
2023-06-19 00:00:00,137075
2023-06-20 00:00:00,138298
2023-06-21 00:00:00,141762
2023-06-22 00:00:00,151647
2023-06-23 00:00:00,155776
2023-06-24 00:00:00,157947
2023-06-25 00:00:00,159946
2023-06-26 00:00:00,162409
2023-06-27 00:00:00,167285
2023-06-28 00:00:00,172214
2023-06-29 00:00:00,176846
2023-06-30 00:00:00,181867
2023-07-01 00:00:00,200827
2023-07-03 00:00:00,238471
2023-07-04 00:00:00,251396
2023-07-05 00:00:00,259349
2023-07-06 00:00:00,268928
2023-07-07 00:00:00,276477
2023-07-08 00:00:00,281645
2023-07-09 00:00:00,284877
2023-07-10 00:00:00,288558
2023-07-11 00:00:00,292067
2023-07-12 00:00:00,296804
2023-07-13 00:00:00,302133
2023-07-14 00:00:00,307084
2023-07-15 00:00:00,310799
2023-07-16 00:00:00,314339
2023-07-17 00:00:00,318395
2023-07-18 00:00:00,322076
2023-07-19 00:00:00,325355
2023-07-20 00:00:00,328298
2023-07-21 00:00:00,332764
2023-07-22 00:00:00,337710
2023-07-23 00:00:00,344879
2023-07-24 00:00:00,367953
2023-07-25 00:00:00,383160
2023-07-26 00:00:00,391736
2023-07-27 00:00:00,401711
2023-07-28 00:00:00,411697
2023-07-29 00:00:00,420797
2023-07-30 00:00:00,430719
2023-07-31 00:00:00,439198
2023-08-01 00:00:00,447195
2023-08-02 00:00:00,454872
2023-08-03 00:00:00,469502
2023-08-04 00:00:00,484070
2023-08-05 00:00:00,496008
2023-08-06 00:00:00,507967
2023-08-07 00:00:00,521424
2023-08-08 00:00:00,531986
2023-08-09 00:00:00,539387
2023-08-10 00:00:00,546222
2023-08-11 00:00:00,552927
2023-08-12 00:00:00,559759
2023-08-13 00:00:00,567581
2023-08-14 00:00:00,577712
2023-08-15 00:00:00,587345
2023-08-16 00:00:00,597619
2023-08-17 00:00:00,607273
2023-08-18 00:00:00,636040
2023-08-19 00:00:00,654944
2023-08-20 00:00:00,666279
2023-08-21 00:00:00,677758
2023-08-22 00:00:00,688076
2023-08-23 00:00:00,698621
2023-08-24 00:00:00,718741
2023-08-25 00:00:00,738193
2023-08-26 00:00:00,753897
2023-08-27 00:00:00,763237
2023-08-28 00:00:00,773600
2023-08-29 00:00:00,784464
2023-08-30 00:00:00,803706
2023-08-31 00:00:00,822901
2023-09-01 00:00:00,841077
2023-09-02 00:00:00,850866
2023-09-03 00:00:00,860899
2023-09-04 00:00:00,871627
2023-09-05 00:00:00,883238
2023-09-06 00:00:00,894014
2023-09-07 00:00:00,910577
2023-09-08 00:00:00,930818
2023-09-09 00:00:00,949826
2023-09-10 00:00:00,964057
2023-09-11 00:00:00,976140
2023-09-12 00:00:00,996149
2023-09-13 00:00:00,1011733
2023-09-14 00:00:00,1022749
2023-09-15 00:00:00,1032450
2023-09-16 00:00:00,1040703
2023-09-17 00:00:00,1049191
2023-09-18 00:00:00,1066408
2023-09-19 00:00:00,1119588
2023-09-20 00:00:00,1151096
2023-09-21 00:00:00,1173578
2023-09-22 00:00:00,1192489
2023-09-23 00:00:00,1205909
2023-09-24 00:00:00,1218449
2023-09-25 00:00:00,1231713
2023-09-26 00:00:00,1243960
2023-09-27 00:00:00,1255542
2023-09-28 00:00:00,1267029
2023-09-29 00:00:00,1288560
2023-09-30 00:00:00,1303208
2023-10-01 00:00:00,1318732
2023-10-02 00:00:00,1338100
2023-10-03 00:00:00,1355993
2023-10-04 00:00:00,1371872
2023-10-05 00:00:00,1387490
2023-10-06 00:00:00,1404672
2023-10-07 00:00:00,1419179
2023-10-08 00:00:00,1432002
2023-10-09 00:00:00,1446443
2023-10-10 00:00:00,1464752
2023-10-11 00:00:00,1482973
2023-10-12 00:00:00,1502252
2023-10-13 00:00:00,1522928
2023-10-14 00:00:00,1537435
2023-10-15 00:00:00,1550713
2023-10-16 00:00:00,1564478
2023-10-17 00:00:00,1577280
2023-10-18 00:00:00,1612246
2023-10-19 00:00:00,1640119
2023-10-20 00:00:00,1659872
2023-10-21 00:00:00,1674837
2023-10-22 00:00:00,1688403
2023-10-23 00:00:00,1703251
2023-10-24 00:00:00,1718698
2023-10-25 00:00:00,1732165
2023-10-26 00:00:00,1744019
2023-10-27 00:00:00,1755474
2023-10-28 00:00:00,1766314
2023-10-29 00:00:00,1779457
2023-10-30 00:00:00,1793435
2023-10-31 00:00:00,1805583
2023-11-01 00:00:00,1817179
2023-11-02 00:00:00,1830511
2023-11-03 00:00:00,1844526
2023-11-04 00:00:00,1857052
2023-11-05 00:00:00,1869838
2023-11-06 00:00:00,1884462
2023-11-07 00:00:00,1898650
2023-11-08 00:00:00,1910725
2023-11-09 00:00:00,1928932
2023-11-10 00:00:00,1947029
2023-11-11 00:00:00,1966765
2023-11-12 00:00:00,1986704
2023-11-13 00:00:00,2004950
2023-11-14 00:00:00,2015617
2023-11-15 00:00:00,2031851
2023-11-16 00:00:00,2048265
2023-11-17 00:00:00,2059696
2023-11-18 00:00:00,2078645
2023-11-19 00:00:00,2097062
2023-11-20 00:00:00,2117378
2023-11-21 00:00:00,2137926
2023-11-22 00:00:00,2151768
2023-11-23 00:00:00,2166409
2023-11-24 00:00:00,2182847
2023-11-25 00:00:00,2198920
2023-11-26 00:00:00,2212001
2023-11-27 00:00:00,2222298
2023-11-28 00:00:00,2245777
2023-11-29 00:00:00,2268580
2023-11-30 00:00:00,2280482
2023-12-01 00:00:00,2311151
2023-12-02 00:00:00,2333666
2023-12-03 00:00:00,2358166
2023-12-04 00:00:00,2382393
2023-12-05 00:00:00,2392344
2023-12-06 00:00:00,2412926
2023-12-07 00:00:00,2435814
2023-12-08 00:00:00,2458257
2023-12-09 00:00:00,2478499
2023-12-10 00:00:00,2487967
2023-12-11 00:00:00,2497384
2023-12-12 00:00:00,2505149
2023-12-13 00:00:00,2523938
2023-12-14 00:00:00,2532879
2023-12-15 00:00:00,2547664
2023-12-16 00:00:00,2565342
2023-12-17 00:00:00,2585309
2023-12-18 00:00:00,2607200
2023-12-19 00:00:00,2637705
2023-12-20 00:00:00,2654818
2023-12-21 00:00:00,2686305
2023-12-22 00:00:00,2704740
2023-12-23 00:00:00,2730707
2023-12-24 00:00:00,2752527
2023-12-25 00:00:00,2768380
2023-12-26 00:00:00,2787860
2023-12-27 00:00:00,2801853
2023-12-28 00:00:00,2815299
2023-12-29 00:00:00,2831920
2023-12-30 00:00:00,2851550
2023-12-31 00:00:00,2869398
2024-01-01 00:00:00,2889718
2024-01-02 00:00:00,2902171
2024-01-03 00:00:00,2915287
2024-01-04 00:00:00,2925511
2024-01-05 00:00:00,2934089
2024-01-06 00:00:00,2941155
2024-01-07 00:00:00,2960571
2024-01-08 00:00:00,2990248
2024-01-09 00:00:00,3008387
2024-01-10 00:00:00,3018955
2024-01-11 00:00:00,3026679
2024-01-12 00:00:00,3032916
2024-01-13 00:00:00,3038113
2024-01-14 00:00:00,3042987
2024-01-15 00:00:00,3047598
2024-01-16 00:00:00,3052120
2024-01-17 00:00:00,3056502
2024-01-18 00:00:00,3061184
2024-01-19 00:00:00,3065586
2024-01-20 00:00:00,3069868
2024-01-21 00:00:00,3074261
2024-01-22 00:00:00,3078572
2024-01-23 00:00:00,3082541
2024-01-24 00:00:00,3085972
2024-01-25 00:00:00,3089017
2024-01-26 00:00:00,3091891
2024-01-27 00:00:00,3094422
2024-01-28 00:00:00,3097124
2024-01-29 00:00:00,3100356
2024-01-30 00:00:00,3107039
2024-01-31 00:00:00,3121850
2024-02-01 00:00:00,3140008
2024-02-02 00:00:00,3154479
2024-02-03 00:00:00,3168299
